train_loss,valid_loss
0.018506525084376335,6.5862274169921875
